[
    {
        "id": 1,
        "name":" Mahindra TUV 300",
        "seater":7,
        "image": "img2/img/Mahindra-removebg-preview.png",
        "description": "When you want to drive a vehicle that has a rolling definition of toughness and strength, you ought to test Mahindra TUV 300 at least once on a road trip. The Indian market is full of vehicles that promise excellent driving experience, but very few cars live up to their reputation. The Mahindra TUV 300 is a car that is not easy to intimidate because it is probably the most robust SUV in the country. When you are on a long road trip, you don't like to compromise on comfort, luxury, and safety; it is unlike going to a market to fetch groceries. With features like steering mounted controls, power windows, electrically adjustable mirrors, rear wiper, and rear AC vent, every passenger in the car can travel with immense comfort."
    },
    
    {
    
        "id": 2,
        "name":" Mahindra Scorpio",
     
        "image": "img2/img/Mahindra_Scorpio-removebg-preview.png",
        "description": "When you are planning to go for a road trip on the hills of North India, there is nothing better than hiring an SUV. A Mahindra Scorpio serves you well if you love driving a powerful car, which gives you rear wheel drive that is suitable for the curvy mountain roads. With 6+1 seats, you can drive with your entire family. If you go by cab, you have to accommodate a driver as well, but you can occupy that driver's seat with a Car Rental. While sitting in a Scorpio, you get better visibility of the road, and an SUV is any day more stable than smaller cars. The car is also safer than a tiny hatchback. You can conveniently dump all your bags in the back seat and yet sit comfortably throughout the journey."
    },
    {
        "id": 3,
        "name":" Mahindra KUV 100",
         
        "image": "img2/img/Mahindra_KUV-removebg-preview.png",
        "description": "The Mahindra KUV 100, which is pronounced also as KUV one double O, justifies its name of being a Kool Utility Vehicle. This trendy vehicle is just what you would want for your road trip. This Compact-Mini sports utility vehicle gives you an athletic drive on the challenging roads, as well as, enough storage to keep everything you require on your vacation. It is easy to maneuver because of its compact size, unlike a huge SUV, which you find difficult to drive on narrow lanes. This six-seater car is ideal for an average Indian family; you may even leave a seat vacant for extra comfort. High ground clearance of Mahindra KUV 100 lets you drive through bumpy roads. The leg room and head space are adequate in the car even for tall passengers. Having good space to sit and store luggage in the car means you will not get tired sitting in the Mahindra KUV 100 when you have to travel long distances."
    },
    {
        "id": 4,
        "name":" Ford Ecosport",
        "price": 200,
        "image": "img2/img/Ford_Ecosport-removebg-preview.png",
        "description": "There are more than just one reason to drive a Ford EcoSport, a subcompact crossover SUV. The moderate size of the car gives the pros of an SUV and a grand sedan. You don’t have to worry about maneuvering the Ford EcoSport because of its compact size unlike a grand SUV. You get enormous storage in your EcoSport along with the benefits of easy driving and parking anywhere you go. You get the stance of an SUV while driving the Ford EcoSport, but it is not stiff like a regular SUV. The built quality, sleek exterior, and clean interior of the EcoSport makes it a desirable car for everyone who is fond of long road trips. The good performance of the engine makes it perfect for extensive road trips."
    },
    {
        "id": 5,
        "name":" Renault Duster",
        "price": 300,
        "image": "img2/img/Renault_Duster-removebg-preview.png",
        "description": "A decade ago, taking a hatchback for a road trip was the only resort for everyone, but the times are changing now. People want to drive sturdy cars on the mountains, but buying an SUV is not an option for everyone. A grand SUV is too tricky to drive in the city traffic but is excellent for a road trip. Maneuvering a compact SUV like Renault Duster is even easier when you have to drive on the curvy mountain roads. The enormous storage in the Duster combined with clean interiors and sleek exteriors is just the thing you would want for an extended road trip. The impressive fuel mileage gives Renault Duster bonus points since you will save more money than you will spend on a chauffeur-driven car.."
    },
    {
        "id": 6,
        "name":"  Maruti Swift ",
       
        "image": "img2/img/Maruti_Swift-removebg-preview.png",
        "description": "Why do people still prefer Maruti Swift over other cars? Ask yourself, and you will find that this car has created a positive reputation for itself since the time it was launched in India. People who own this car want to hold on to it forever, even though it is not possible. And those who do not have Maruti Swift can now easily rent it for road trips and have an incredible driving experience. The reason you must rent a Swift for your next vacation is that first, it is a sturdy car; and second, even if it develops a fault while on the road, you can go to any automobile service center and have your vehicle repaired. The diesel and petrol versions of Maruti Swift are fun to drive. You can dump your luggage in the moderately-sized boot of the car, and access everything while sitting in the car. It may remind you of those good old days of your childhood when you wanted to sit in the boot and talk to your family sitting in the cabin of the car.."
    },
    {
        "id": 7,
        "name":" Mahindra XUV 500 ",
   
        "image": "img2/img/Mahindra-removebg-preview.png",
        "description": "On the long list of big beasts in the market, the Mahindra XUV 500 stands tall for its unique features. The fun of driving a grand high-floor XUV is just incomparable to any other car, even if it’s a luxurious sedan. The fuel economy of this XUV is a feather in its cap since you don’t have to worry about expensive fuel. The new setup for the suspension mechanism improves the ride quality for the passengers, especially when you are traveling on the challenging roads of India. With global design and great feature-rich build, experience a rush like never before with Mahindra XUV 500 subscription at MyChoize."
    },
    {
        "id": 8,
        "name":" Toyota Etios Liva",
        "price": 200,
        "image": "img2/img/Toyota_Etios_Liva-removebg-preview.png",
        "description": "When a reliable brand like Toyota backs a car, you don't need to look for any other vehicle for your road trips. Ask yourself, have you ever seen a Toyota car broken down on the highway? Probably never. This is what a car like Toyota Etios Liva gives you: dependability. The Liva is a bit sporty in its revamped exteriors. The multi-spoke alloy wheels speak volumes about the great looks. When you are traveling in the Etios Liva, you do get a simplistic cabin, which tends to the comfort of each passenger. The strategically placed door lock buttons, external mirrors, and headlamps make it convenient to access them. The cabin of the car offers excellent storage space, and the seats are comfortable enough to support the shoulders and under thighs for a relaxed ride."
    },
    {
        "id": 9,
        "name":" LD09 LOUNGE CHAIR",
        "price": 200,
        "image": "img/9.png",
        "description": "Expertly rendered by Carl Hansen & Søn, the lounge chair—first introduced in 1951 and enduring ever since—is available in oak or as a combination of oak and walnut, sourced from sustainable forestry. Choose from seat and back upholstery in a selection of leather options or in a custom fabric."
    },

    {
        "id": 10,
        "name":" LD08 LOUNGE CHAIR",
        "price": 200,
        "image": "img/8.png",
        "description": "Expertly rendered by Carl Hansen & Søn, the lounge chair—first introduced in 1951 and enduring ever since—is available in oak or as a combination of oak and walnut, sourced from sustainable forestry. Choose from seat and back upholstery in a selection of leather options or in a custom fabric."
    },

    {
        "id": 11,
        "name":" LD08 LOUNGE CHAIR",
        "price": 200,
        "image": "img/8.png",
        "description": "Expertly rendered by Carl Hansen & Søn, the lounge chair—first introduced in 1951 and enduring ever since—is available in oak or as a combination of oak and walnut, sourced from sustainable forestry. Choose from seat and back upholstery in a selection of leather options or in a custom fabric."
    },

    {
        "id": 12,
        "name":" LD08 LOUNGE CHAIR",
        "price": 200,
        "image": "img/8.png",
        "description": "Expertly rendered by Carl Hansen & Søn, the lounge chair—first introduced in 1951 and enduring ever since—is available in oak or as a combination of oak and walnut, sourced from sustainable forestry. Choose from seat and back upholstery in a selection of leather options or in a custom fabric."
    }

]
